City_ID,City,Country,Lat,Lng,Max Temp,Humidity,Cloudiness,Wind Speed,Current Description
0,Tasiilaq,GL,65.6145,-37.6368,11.07,81,99,5.79,overcast clouds
1,Yinchuan,CN,38.4681,106.2731,20.98,32,4,5.88,clear sky
2,Hermanus,ZA,-34.4187,19.2345,66.79,95,64,5.61,light rain
3,Vaini,TO,-21.2,-175.2,77.16,94,100,13.8,moderate rain
4,Rikitea,PF,-23.1203,-134.9692,75.49,79,5,21.88,clear sky
5,Hambantota,LK,6.1241,81.1185,70.14,100,20,3.44,few clouds
6,Saint-Philippe,RE,-21.3585,55.7679,72.99,85,20,9.42,light rain
7,La Virginia,CO,4.8997,-75.8825,71.15,82,20,5.75,few clouds
8,Quelimane,MZ,-17.8786,36.8883,76.95,94,20,2.3,few clouds
9,Clyde River,CA,70.4692,-68.5914,-0.17,85,100,4.61,overcast clouds
10,Dillon,US,34.4166,-79.3712,50.25,64,0,8.75,clear sky
11,Arraial Do Cabo,BR,-22.9661,-42.0278,78.76,83,75,4.61,broken clouds
12,Severo-Kurilsk,RU,50.6789,156.125,28.49,64,100,9.64,overcast clouds
13,Dikson,RU,73.5069,80.5464,4.73,94,100,15.3,light snow
14,Verkhnevilyuysk,RU,63.4453,120.3167,-16.71,97,100,5.08,overcast clouds
15,Jamestown,US,42.097,-79.2353,27.72,56,100,5.75,overcast clouds
16,Punta Arenas,CL,-53.15,-70.9167,51.91,71,40,23.02,scattered clouds
17,Inirida,CO,3.8653,-67.9239,72.55,97,98,0.2,overcast clouds
18,Yellowknife,CA,62.456,-114.3525,-6.45,77,40,15.01,scattered clouds
19,Iqaluit,CA,63.7506,-68.5145,10.13,84,75,3.44,broken clouds
20,Meulaboh,ID,4.1363,96.1285,75.54,90,100,4.38,overcast clouds
21,Cape Town,ZA,-33.9258,18.4232,68.41,91,75,9.22,broken clouds
22,Padang,ID,-0.9492,100.3543,78.85,89,100,1.83,overcast clouds
23,Kodiak,US,57.79,-152.4072,27.66,64,8,8.46,clear sky
24,Victoria,HK,22.2855,114.1577,63.25,67,97,11.01,overcast clouds
25,Avarua,CK,-21.2078,-159.775,80.65,61,75,5.75,broken clouds
26,Namibe,AO,-15.1961,12.1522,68.31,70,19,6.62,few clouds
27,Butaritari,KI,3.0707,172.7902,81.52,77,37,12.75,scattered clouds
28,Busselton,AU,-33.65,115.3333,71.69,43,81,14.47,broken clouds
29,Wokha,IN,26.1,94.2667,50.13,66,2,1.79,clear sky
30,Bundaberg,AU,-24.85,152.35,90.21,71,26,3.0,scattered clouds
31,Arlit,NE,18.7369,7.3853,67.6,14,55,6.69,broken clouds
32,Cherskiy,RU,68.75,161.3,-32.84,98,100,12.62,overcast clouds
33,Caravelas,BR,-17.7125,-39.2481,74.07,90,75,9.46,broken clouds
34,Ostrovnoy,RU,68.0531,39.5131,9.03,94,100,7.07,overcast clouds
35,Hobart,AU,-42.8794,147.3294,64.26,51,75,14.97,broken clouds
36,Guatire,VE,10.4762,-66.5427,67.75,97,50,0.85,scattered clouds
37,Hilo,US,19.7297,-155.09,78.12,85,100,1.99,overcast clouds
38,Awjilah,LY,29.1081,21.2869,64.89,38,100,7.2,overcast clouds
39,Honiara,SB,-9.4333,159.95,84.06,78,94,2.19,overcast clouds
40,Lorengau,PG,-2.0226,147.2712,83.91,71,96,1.3,overcast clouds
41,Bengkulu,ID,-3.8004,102.2655,77.14,84,100,4.45,overcast clouds
42,Bambous Virieux,MU,-20.3428,57.7575,76.21,83,75,11.5,broken clouds
43,New Norfolk,AU,-42.7826,147.0587,63.9,46,96,1.99,overcast clouds
44,Bagdarin,RU,54.4333,113.6,-21.26,77,13,4.07,few clouds
45,Puerto Ayora,EC,-0.7393,-90.3518,70.56,95,50,1.99,scattered clouds
46,Hendek,TR,40.7994,30.7481,55.49,63,92,6.24,overcast clouds
47,Chokurdakh,RU,70.6333,147.9167,-23.69,99,99,8.52,overcast clouds
48,Cheremukhovo,RU,60.3484,59.9851,1.56,97,100,2.01,overcast clouds
49,Plesetsk,RU,62.708,40.2916,13.33,94,100,10.29,snow
50,Port Blair,IN,11.6667,92.75,78.84,89,75,1.14,broken clouds
51,Carnarvon,AU,-24.8667,113.6333,74.95,66,0,12.86,clear sky
52,Sioux Lookout,CA,50.1001,-91.917,23.07,93,100,8.05,overcast clouds
53,Barrow,US,71.2906,-156.7887,17.62,73,100,18.41,overcast clouds
54,Kruisfontein,ZA,-34.0033,24.7314,69.89,88,93,4.36,overcast clouds
55,Beisfjord,NO,68.3751,17.5988,19.45,76,0,6.73,clear sky
56,Bredasdorp,ZA,-34.5322,20.0403,67.84,93,33,5.99,scattered clouds
57,Angoram,PG,-4.0625,144.0661,79.39,87,100,4.07,overcast clouds
58,Mataura,NZ,-46.1927,168.8643,79.57,32,91,2.91,overcast clouds
59,Ushuaia,AR,-54.8,-68.3,47.86,61,75,5.75,light rain
60,Vardo,NO,70.3705,31.1107,13.98,67,48,18.41,scattered clouds
61,Albany,US,42.6001,-73.9662,23.65,73,6,3.74,clear sky
62,Constitucion,CL,-35.3333,-72.4167,59.72,72,1,14.79,clear sky
63,Dudinka,RU,69.4058,86.1778,-12.39,95,100,17.94,overcast clouds
64,La Rioja,ES,42.25,-2.5,35.38,82,100,10.54,overcast clouds
65,Palmer,US,42.1584,-72.3287,26.51,74,1,4.29,clear sky
66,Kapaa,US,22.0752,-159.319,82.38,71,29,8.99,light rain
67,Airai,TL,-8.9266,125.4092,78.03,48,50,1.81,scattered clouds
68,Shu,KZ,43.5983,73.7614,5.38,92,5,4.41,clear sky
69,Ca Mau,VN,9.1769,105.15,80.01,72,94,10.11,overcast clouds
70,Myaundzha,RU,63.0494,147.1858,-50.19,97,60,3.33,broken clouds
71,Boda,CF,4.3189,17.4695,70.57,43,93,2.71,overcast clouds
72,Verkhoyansk,RU,67.5447,133.385,-29.13,100,100,2.35,overcast clouds
73,Hithadhoo,MV,-0.6,73.0833,81.48,76,99,14.2,overcast clouds
74,Puerto Baquerizo Moreno,EC,-0.9,-89.6,69.57,86,76,8.77,broken clouds
75,Khani,GE,41.9563,42.9566,36.97,77,100,3.6,overcast clouds
76,Castro,BR,-24.7911,-50.0119,66.02,99,100,3.98,moderate rain
77,Camana,PE,-16.6228,-72.7111,72.72,76,62,1.97,broken clouds
78,Mykhaylivka,UA,47.2724,35.2224,41.81,88,100,4.21,overcast clouds
79,Broome,US,42.2506,-75.833,23.09,86,20,5.75,few clouds
80,Chuy,UY,-33.6971,-53.4616,59.13,70,42,6.53,scattered clouds
81,Atambua,ID,-9.1061,124.8925,86.27,59,22,2.89,few clouds
82,Atuona,PF,-9.8,-139.0333,78.19,79,6,18.03,clear sky
83,Tiksi,RU,71.6872,128.8694,-15.61,94,100,13.2,overcast clouds
84,Yerbogachen,RU,61.2767,108.0108,-21.17,97,95,6.46,overcast clouds
85,Muroto,JP,33.2833,134.15,59.0,63,5,11.7,clear sky
86,Santo Antonio Do Ica,BR,-3.1022,-67.9397,74.16,97,100,3.36,light rain
87,Margate,GB,51.3813,1.3862,36.9,71,13,4.0,few clouds
88,Norman Wells,CA,65.282,-126.8329,-0.36,65,75,9.22,light snow
89,Lebu,CL,-37.6167,-73.65,57.88,82,0,18.75,clear sky
90,Flin Flon,CA,54.7682,-101.865,21.63,98,99,3.91,light snow
91,Mar Del Plata,AR,-38.0023,-57.5575,58.87,75,0,3.0,clear sky
92,Chapais,CA,49.7834,-74.8492,4.78,98,75,4.65,broken clouds
93,Cockburn Town,TC,21.4612,-71.1419,73.36,68,40,0.0,scattered clouds
94,Kahului,US,20.8947,-156.47,77.31,85,56,11.01,broken clouds
95,Sainte-Rose,GP,16.3324,-61.6979,76.17,88,100,4.61,overcast clouds
96,Acapulco,MX,16.8634,-99.8901,76.5,81,89,5.06,overcast clouds
97,Aasiaat,GL,68.7098,-52.8699,5.23,89,100,5.44,overcast clouds
98,Beloha,MG,-25.1667,45.05,72.59,84,84,11.18,broken clouds
99,Northam,GB,51.0333,-4.2167,32.4,87,100,9.24,overcast clouds
100,Georgiyevka,KZ,43.0369,74.7114,3.24,85,3,2.24,mist
101,Upernavik,GL,72.7868,-56.1549,14.47,71,100,6.26,overcast clouds
102,Bluff,NZ,-46.6,168.3333,63.82,71,84,11.81,broken clouds
103,Ustrzyki Dolne,PL,49.4304,22.5938,23.99,100,100,8.05,light snow
104,Lucapa,AO,-8.4192,20.7447,65.16,98,100,1.92,light rain
105,Pacific Grove,US,36.6177,-121.9166,50.43,80,19,14.0,few clouds
106,Singarayakonda,IN,15.25,80.0333,77.43,84,8,5.86,clear sky
107,Grand Gaube,MU,-20.0064,57.6608,76.37,68,99,5.99,overcast clouds
108,Mompos,CO,9.2419,-74.4267,73.87,93,38,3.76,scattered clouds
109,Sao Gabriel Da Cachoeira,BR,-0.1303,-67.0892,72.93,97,100,0.72,overcast clouds
110,Sarrebourg,FR,48.7333,7.05,21.81,81,37,10.18,scattered clouds
111,Kaitangata,NZ,-46.2817,169.8464,70.07,58,51,16.96,broken clouds
112,Ilulissat,GL,69.2167,-51.1,-3.59,71,87,5.75,overcast clouds
113,Provins,FR,48.5833,3.1667,26.24,62,93,13.44,overcast clouds
114,Baculin,PH,7.4525,126.5842,84.65,71,82,6.89,broken clouds
115,Leningradskiy,RU,69.3833,178.4167,-4.77,71,100,27.51,overcast clouds
116,Brownwood,US,31.7093,-98.9912,64.96,97,75,12.66,broken clouds
117,Provideniya,RU,64.3833,-173.3,12.36,73,75,13.42,broken clouds
118,Orzhytsya,UA,49.7918,32.7012,31.73,83,100,1.72,overcast clouds
119,Tsabong,BW,-26.0217,22.401,71.51,74,2,14.16,clear sky
120,Longyearbyen,SJ,78.2186,15.6401,-0.69,81,71,5.1,broken clouds
121,Tiarei,PF,-17.5333,-149.3333,73.42,79,100,10.07,light rain
122,Mattru,SL,7.6244,-11.8332,73.78,93,0,1.45,clear sky
123,Port Alfred,ZA,-33.5906,26.891,71.44,90,100,24.56,overcast clouds
124,Jinxiang,CN,27.4327,120.6062,52.29,62,3,8.37,clear sky
125,Opuwo,NA,-18.0607,13.84,61.7,29,95,4.79,overcast clouds
126,East London,ZA,-33.0153,27.9116,71.73,87,98,22.88,overcast clouds
127,Souillac,MU,-20.5167,57.5167,75.58,83,75,11.5,broken clouds
128,Vila Velha,BR,-20.3297,-40.2925,80.55,91,75,9.22,moderate rain
129,Taltal,CL,-25.4,-70.4833,67.46,81,31,1.57,scattered clouds
130,Ribeira Grande,PT,38.5167,-28.7,61.77,77,73,15.99,broken clouds
131,Isla Mujeres,MX,21.2311,-86.731,73.17,69,0,10.87,clear sky
132,Hofn,IS,64.2539,-15.2082,33.01,66,12,21.68,few clouds
133,Volchikha,RU,52.0333,80.3833,18.54,93,100,14.32,light snow
134,Nikolskoye,RU,59.7035,30.7861,19.29,92,86,7.2,overcast clouds
135,Katsuura,JP,35.1333,140.3,46.42,93,100,6.17,light rain
136,Tazovskiy,RU,67.4667,78.7,-13.79,95,100,7.92,overcast clouds
137,La Ronge,CA,55.1001,-105.2842,-1.98,98,9,5.28,clear sky
138,Qaqortoq,GL,60.7167,-46.0333,13.41,65,0,7.92,clear sky
139,San Patricio,US,28.017,-97.5169,74.17,86,100,17.22,overcast clouds
140,Vostok,RU,46.4856,135.8833,17.46,91,100,6.46,light snow
141,Bani Walid,LY,31.7566,13.9942,61.16,65,45,7.31,scattered clouds
142,Tuktoyaktuk,CA,69.4541,-133.0374,3.2,78,100,14.97,light snow
143,Port Elizabeth,ZA,-33.918,25.5701,72.1,98,100,1.99,overcast clouds
144,Tura,IN,25.5198,90.2201,63.86,74,7,1.79,clear sky
145,Axim,GH,4.8699,-2.2405,77.36,87,3,5.39,light rain
146,Kavaratti,IN,10.5669,72.642,80.44,80,100,20.29,light rain
147,Mayo,US,38.8876,-76.5119,41.18,70,100,10.36,overcast clouds
148,Saint George,US,37.1041,-113.5841,39.94,72,0,3.44,clear sky
149,Thompson,CA,55.7435,-97.8558,15.57,98,100,4.21,overcast clouds
150,Husavik,IS,66.0449,-17.3389,27.36,89,100,10.83,light snow
151,Narsaq,GL,60.9167,-46.05,17.82,61,0,8.39,clear sky
152,Whitianga,NZ,-36.8333,175.7,67.23,80,96,7.96,overcast clouds
153,Christchurch,NZ,-43.5333,172.6333,72.41,69,20,23.02,few clouds
154,Maple Creek,CA,49.9168,-109.4848,-1.05,99,95,4.21,overcast clouds
155,Atherton,GB,53.5237,-2.4935,34.29,93,100,3.83,overcast clouds
156,Harper,LR,4.375,-7.7169,78.26,81,84,6.02,broken clouds
157,Gaoua,BF,10.2992,-3.2508,71.46,18,6,4.07,clear sky
158,Ossora,RU,59.2353,163.0719,4.42,83,100,7.83,overcast clouds
159,Uglovskoye,RU,51.3557,80.1942,18.39,95,100,14.92,light snow
160,Roald,NO,62.5833,6.1333,22.33,73,0,10.36,clear sky
161,Ouallam,NE,14.3188,2.0866,68.41,13,80,11.1,broken clouds
162,Misratah,LY,32.3754,15.0925,65.07,78,5,8.1,clear sky
163,Sao Joao Da Barra,BR,-21.6403,-41.0511,75.56,95,100,20.6,overcast clouds
164,Qaanaaq,GL,77.484,-69.3632,-2.24,66,100,7.9,overcast clouds
165,Ponta Do Sol,PT,32.6667,-17.1,72.72,89,100,12.03,light rain
166,Ancud,CL,-41.8697,-73.8203,54.28,91,93,4.56,overcast clouds
167,Nioki,CD,-2.7167,17.6833,69.85,97,100,3.74,moderate rain
168,Wanning,CN,18.8003,110.3967,64.81,67,11,13.06,few clouds
169,Jiaozhou,CN,36.2839,120.0033,36.68,28,49,16.35,scattered clouds
170,Mitsamiouli,KM,-11.3847,43.2844,79.92,78,77,9.8,light rain
171,Claveria,PH,18.6074,121.0832,76.91,88,96,14.47,overcast clouds
172,Cayenne,GF,4.9333,-52.3333,75.24,94,75,3.44,broken clouds
173,Roma,US,43.2128,-75.4557,18.95,79,5,3.67,clear sky
174,Faanui,PF,-16.4833,-151.75,77.52,78,100,23.98,overcast clouds
175,Bilibino,RU,68.0546,166.4372,-32.6,100,100,5.32,overcast clouds
176,Saint-Lo,FR,49.1162,-1.0903,27.03,66,95,7.54,overcast clouds
177,Pandharpur,IN,17.6667,75.3333,70.59,83,85,9.33,overcast clouds
178,Coihaique,CL,-45.5752,-72.0662,56.01,99,100,7.56,overcast clouds
179,Bilma,NE,18.6853,12.9164,66.33,15,98,4.59,overcast clouds
180,Geraldton,AU,-28.7667,114.6,91.81,14,0,20.71,clear sky
181,Esperance,AU,-33.8667,121.9,64.96,55,88,15.1,overcast clouds
182,Nome,US,64.5011,-165.4064,16.72,95,86,3.11,overcast clouds
183,Emerald,AU,-23.5333,148.1667,95.59,37,21,7.9,few clouds
184,Mount Gambier,AU,-37.8333,140.7667,55.04,48,97,15.23,overcast clouds
185,Shitanjing,CN,39.2342,106.3439,14.83,44,50,13.62,scattered clouds
186,Tilichiki,RU,60.4667,166.1,11.7,93,100,4.88,light snow
187,Alofi,NU,-19.0595,-169.9187,77.95,72,58,20.98,broken clouds
188,Synya,RU,65.3718,58.0387,-27.31,100,63,1.3,broken clouds
189,Seda,LV,57.65,25.75,16.16,94,98,7.65,overcast clouds
190,Gushikawa,JP,26.3544,127.8686,69.03,68,75,12.66,broken clouds
191,Yuancheng,CN,36.652,107.7896,22.1,37,100,15.37,overcast clouds
192,Bulaevo,KZ,54.9056,70.4439,12.6,95,100,4.76,overcast clouds
193,Nadym,RU,65.5333,72.5167,-19.05,98,32,3.11,scattered clouds
194,Altay,CN,47.8667,88.1167,5.16,87,100,1.1,overcast clouds
195,Amarillo,US,35.222,-101.8313,54.23,59,3,5.01,clear sky
196,Georgetown,MY,5.4112,100.3354,82.33,84,20,1.14,few clouds
197,Sulangan,PH,11.1373,123.7228,81.5,78,99,6.2,overcast clouds
198,Nouadhibou,MR,20.931,-17.0347,70.36,69,0,14.16,clear sky
199,Tomatlan,MX,19.9333,-105.25,70.03,80,2,2.42,clear sky
200,Sibolga,ID,1.7427,98.7792,76.48,90,91,2.95,overcast clouds
201,Russell,US,32.3502,-85.1999,58.96,88,40,4.61,scattered clouds
202,Cabo San Lucas,MX,22.8909,-109.9124,74.52,70,97,10.71,overcast clouds
203,Iisalmi,FI,63.5592,27.1907,16.14,92,100,12.26,light snow
204,Thunder Bay,CA,48.4001,-89.3168,30.22,82,100,10.02,overcast clouds
205,Herbeumont,BE,49.7809,5.2358,25.92,77,14,9.08,few clouds
206,Pevek,RU,69.7008,170.3133,-12.82,94,100,25.08,light snow
207,Santa Maria,BR,-29.6842,-53.8069,65.79,89,39,13.0,scattered clouds
208,Ahtopol,BG,42.1,27.95,42.1,94,100,22.68,overcast clouds
209,Farsund,NO,58.0948,6.8047,24.94,28,99,16.58,overcast clouds
210,Zhaoyuan,CN,37.3592,120.3964,35.55,39,49,21.88,scattered clouds
211,Kutum,SD,14.2,24.6667,56.62,20,84,5.61,broken clouds
212,Staryy Nadym,RU,65.6118,72.6842,-18.99,97,32,3.2,scattered clouds
213,Dingle,PH,10.9995,122.6711,82.98,78,82,7.29,broken clouds
214,Talnakh,RU,69.4865,88.3972,-12.8,99,100,7.94,light snow
215,Aklavik,CA,68.2191,-135.0107,-1.3,98,100,5.28,light snow
216,Tuatapere,NZ,-46.1333,167.6833,73.8,39,75,2.8,broken clouds
217,Rio Grande,BR,-32.035,-52.0986,63.0,74,100,4.43,overcast clouds
218,Karwar,IN,14.8,74.1333,75.85,84,79,6.58,broken clouds
219,Kochubey,RU,44.3861,46.5825,43.88,64,99,20.78,overcast clouds
220,Great Yarmouth,GB,52.6083,1.7305,32.02,68,6,6.85,clear sky
221,Syracuse,IT,37.0881,15.2792,47.57,72,100,6.6,overcast clouds
222,Ndele,CF,8.4109,20.6473,69.15,21,7,4.85,clear sky
223,Itacare,BR,-14.2775,-38.9967,77.23,88,29,9.95,scattered clouds
224,Taree,AU,-31.9,152.4667,79.07,19,0,6.73,clear sky
225,Tommot,RU,58.9564,126.2925,-44.79,99,95,0.81,overcast clouds
226,Semibratovo,RU,57.3046,39.5369,33.66,98,100,14.09,light snow
227,Coquimbo,CL,-29.9533,-71.3436,60.53,94,0,5.75,clear sky
228,Guerrero Negro,MX,27.9769,-114.0611,60.13,58,0,13.33,clear sky
229,Saurimo,AO,-9.6608,20.3916,64.15,98,100,3.02,light rain
230,Bonavista,CA,48.6499,-53.1147,33.3,88,100,13.29,overcast clouds
231,Gua Musang,MY,4.8823,101.9644,77.27,94,86,1.19,overcast clouds
232,Jala,MX,21.0833,-104.4333,61.3,67,35,2.59,scattered clouds
233,Luderitz,NA,-26.6481,15.1594,63.03,90,15,3.18,few clouds
234,Lotofaga,WS,-13.9764,-171.8578,87.58,72,35,4.97,scattered clouds
235,Hamilton,US,39.1834,-84.5333,39.76,72,95,3.0,overcast clouds
236,Udachnyy,RU,66.4167,112.4,-10.55,76,94,6.85,overcast clouds
237,Krasnyy Yar,RU,46.5331,48.3456,15.73,88,6,13.6,clear sky
238,Tabuk,PH,17.4189,121.4443,74.16,91,100,2.68,overcast clouds
239,Muros,ES,42.7762,-9.0603,62.83,91,100,11.88,overcast clouds
240,Grindavik,IS,63.8424,-22.4338,27.07,74,8,8.05,clear sky
241,Druzhba,UA,52.0428,33.9453,29.44,83,100,6.53,overcast clouds
242,Shibetsu,JP,43.659,145.132,40.12,89,100,21.94,overcast clouds
243,Touros,BR,-5.1989,-35.4608,78.08,77,52,10.16,broken clouds
244,Bethanien,NA,-26.502,17.1583,61.81,57,0,0.54,clear sky
245,Linxia,CN,35.6003,103.2064,22.15,47,44,1.52,scattered clouds
246,Moindou,NC,-21.6924,165.677,81.37,61,9,9.91,clear sky
247,Mehamn,NO,71.0357,27.8492,21.11,68,100,13.8,overcast clouds
248,Leh,IN,34.1667,77.5833,13.6,58,0,0.74,clear sky
249,Fortuna,US,40.5982,-124.1573,43.93,90,100,5.75,overcast clouds
250,Onokhoy,RU,51.932,108.0747,-4.25,87,73,8.32,broken clouds
251,Casino,AU,-28.8667,153.05,77.56,45,59,10.89,broken clouds
252,Natal,BR,-5.795,-35.2094,77.65,88,40,3.44,scattered clouds
253,Mpraeso,GH,6.5932,-0.7346,69.55,89,1,2.21,clear sky
254,Vila Franca Do Campo,PT,37.7167,-25.4333,63.19,87,100,18.12,overcast clouds
255,Derzhavinsk,KZ,51.1,66.3167,11.23,77,100,9.17,overcast clouds
256,Veraval,IN,20.9,70.3667,74.23,55,4,11.65,clear sky
257,Illela,NG,13.7292,5.2975,66.67,17,7,10.71,clear sky
258,Tynda,RU,55.1667,124.7167,-15.18,77,100,8.79,overcast clouds
259,Reyes,BO,-14.3167,-67.3833,72.27,90,100,3.6,overcast clouds
260,Nanortalik,GL,60.1432,-45.2371,21.15,82,13,6.49,few clouds
261,Krasnoselkup,RU,65.7,82.4667,-20.47,96,99,5.14,overcast clouds
262,Kazerun,IR,29.6195,51.6541,51.08,44,0,3.31,clear sky
263,Klaksvik,FO,62.2266,-6.589,32.92,58,100,23.35,overcast clouds
264,Kaeo,NZ,-35.1,173.7833,70.54,75,44,10.98,scattered clouds
265,Lukovetskiy,RU,64.2956,41.9211,5.59,90,100,10.78,light snow
266,Walvis Bay,NA,-22.9575,14.5053,59.47,94,100,3.78,overcast clouds
267,Balclutha,NZ,-46.2339,169.75,77.74,40,37,9.51,scattered clouds
268,Sahuaripa,MX,29.05,-109.2333,55.87,78,0,5.46,clear sky
269,Gigmoto,PH,13.7796,124.39,83.61,69,97,5.08,overcast clouds
270,Umm Lajj,SA,25.0213,37.2685,73.26,43,2,5.46,clear sky
271,Mount Isa,AU,-20.7333,139.5,94.77,13,1,11.5,clear sky
272,Camacupa,AO,-12.0167,17.4833,63.32,79,100,3.15,overcast clouds
273,Arauca,CO,7.0847,-70.7591,76.96,88,20,0.0,few clouds
274,Evensk,RU,61.95,159.2333,1.36,96,100,7.2,light snow
275,Eureka,US,40.8021,-124.1637,44.2,91,58,1.01,broken clouds
276,Konde,TZ,-4.95,39.75,76.95,86,17,5.48,few clouds
277,Swanzey,US,42.8698,-72.2818,26.6,73,0,9.22,clear sky
278,Port Lincoln,AU,-34.7333,135.8667,64.09,54,16,19.13,few clouds
279,Victor Harbor,AU,-35.5667,138.6167,62.67,88,57,3.0,broken clouds
280,Nishihara,JP,26.1842,127.7558,69.46,69,75,19.57,broken clouds
281,Kattivakkam,IN,13.2167,80.3167,78.89,81,5,5.97,clear sky
282,Berlevag,NO,70.8578,29.0864,21.15,49,100,18.41,overcast clouds
283,Vilhena,BR,-12.7406,-60.1458,69.19,93,39,1.61,scattered clouds
284,Lagos,NG,6.5833,3.75,77.07,88,83,0.96,broken clouds
285,Duzce,TR,40.8389,31.1639,54.0,71,74,6.44,broken clouds
286,Praya,CV,14.9215,-23.5087,75.74,64,0,11.5,clear sky
287,Amazar,RU,53.858,120.875,-7.49,63,100,8.86,overcast clouds
288,Sakakah,SA,29.9697,40.2064,56.89,67,6,1.14,clear sky
289,Porto Tolle,IT,44.9497,12.3245,42.89,61,100,12.26,overcast clouds
290,Saskylakh,RU,71.9167,114.0833,-7.71,97,100,5.41,overcast clouds
291,Petrove,UA,48.3247,33.2562,35.15,81,100,3.85,overcast clouds
292,Torbay,CA,47.6666,-52.7314,34.57,95,100,8.05,overcast clouds
293,Sambava,MG,-14.2667,50.1667,74.03,88,10,9.26,light rain
294,Lata,PT,40.1629,-8.3327,63.07,97,100,7.2,overcast clouds
295,Garwolin,PL,51.8975,21.6147,31.84,92,100,8.01,overcast clouds
296,Mao,ES,39.8885,4.2658,66.76,77,0,12.66,clear sky
297,Fort Morgan,US,40.2503,-103.8,30.85,93,0,23.02,clear sky
298,Singleton,AU,-32.5667,151.1833,83.98,26,0,10.0,clear sky
299,Sherlovaya Gora,RU,50.5667,116.25,-14.1,75,100,13.85,overcast clouds
300,Kampot,KH,10.6167,104.1833,80.65,79,100,8.77,overcast clouds
301,Nangwa,TZ,-4.4667,35.45,55.51,96,9,4.32,clear sky
302,Riohacha,CO,11.5444,-72.9072,74.48,87,13,8.34,few clouds
303,Umarkot,PK,25.3616,69.7362,63.18,34,0,9.84,clear sky
304,Pangnirtung,CA,66.1451,-65.7125,7.2,93,100,3.11,overcast clouds
305,Champerico,GT,14.3,-91.9167,78.51,74,100,3.58,overcast clouds
306,Salalah,OM,17.0151,54.0924,66.29,32,0,6.91,clear sky
307,Sitka,US,57.0531,-135.33,37.29,87,100,8.05,light rain
308,Levice,SK,48.2156,18.6071,28.49,90,22,5.68,few clouds
309,Winnemucca,US,40.973,-117.7357,30.25,86,100,11.5,light snow
310,Te Anau,NZ,-45.4167,167.7167,72.5,33,84,9.73,light rain
311,Tenenkou,ML,14.4572,-4.9169,69.89,14,45,8.46,scattered clouds
312,Tahe,CN,52.3333,124.7333,-2.61,92,100,10.49,light snow
313,Tateyama,JP,34.9833,139.8667,49.1,87,100,6.71,overcast clouds
314,Jumla,NP,29.2747,82.1838,40.71,16,0,5.32,clear sky
315,Khatanga,RU,71.9667,102.5,2.82,89,100,19.04,overcast clouds
316,Fort Nelson,CA,58.8053,-122.7002,2.53,96,76,1.68,broken clouds
317,Shache,CN,38.4167,77.2406,23.05,55,20,2.51,few clouds
318,Henties Bay,NA,-22.116,14.2845,58.75,94,100,4.14,overcast clouds
319,Lazaro Cardenas,MX,17.9583,-102.2,75.52,81,3,3.47,clear sky
320,Vanimo,PG,-2.6741,141.3028,77.32,91,100,3.94,light rain
321,Wanxian,CN,30.8039,108.3897,52.11,58,97,4.85,overcast clouds
322,Tessalit,ML,20.1986,1.0114,68.25,13,0,7.09,clear sky
323,Bethel,US,41.3712,-73.414,29.75,67,0,5.75,clear sky
324,Jacmel,HT,18.2342,-72.5347,78.64,83,0,4.09,clear sky
325,Adrar,MR,20.5022,-10.0711,70.81,14,0,7.94,clear sky
326,Luanda,AO,-8.8368,13.2343,78.8,78,75,1.14,broken clouds
327,Lavrentiya,RU,65.5833,-171.0,1.78,89,6,10.85,clear sky
328,Eyrarbakki,IS,63.863,-21.1481,26.01,52,8,9.01,clear sky
329,Karratha,AU,-20.7377,116.8463,97.11,18,70,12.77,broken clouds
330,Lugovoy,KZ,42.9472,72.7644,13.82,81,9,3.36,clear sky
331,Waipawa,NZ,-41.4122,175.5153,70.88,61,16,7.0,few clouds
332,Havoysund,NO,70.9963,24.6622,25.03,76,100,11.16,overcast clouds
333,Rovaniemi,FI,66.5,25.7167,-2.79,84,0,11.5,clear sky
334,Atar,MR,20.5169,-13.0499,75.33,15,0,7.2,clear sky
335,Ugento,IT,39.9263,18.1574,51.08,69,100,8.66,overcast clouds
336,Munak,IN,29.5187,76.8486,55.08,34,0,7.72,clear sky
337,Naze,JP,28.3667,129.4833,62.89,58,72,15.79,broken clouds
338,Lahaina,US,20.8783,-156.6825,78.04,81,57,15.26,broken clouds
339,San Jose,US,37.3394,-121.895,49.24,79,40,4.0,scattered clouds
340,Sistranda,NO,63.7256,8.834,19.36,73,4,13.06,clear sky
341,Vao,NC,-22.6667,167.4833,75.85,68,19,9.84,few clouds
342,Parnu-Jaagupi,EE,58.6105,24.5069,19.33,96,100,5.32,overcast clouds
343,Yemelyanovo,RU,56.1681,92.6767,-10.39,84,100,2.24,mist
344,Pangody,RU,65.85,74.4859,-20.34,99,59,3.49,broken clouds
345,Isangel,VU,-19.55,169.2667,82.2,63,1,11.95,clear sky
346,Mahebourg,MU,-20.4081,57.7,77.25,78,40,9.22,scattered clouds
347,Chama,CH,47.1821,8.4636,25.02,93,100,2.3,overcast clouds
348,Takoradi,GH,4.8845,-1.7554,77.52,87,0,6.11,light rain
349,Joshimath,IN,30.5667,79.5667,46.6,17,0,8.25,clear sky
350,San Pedro,PH,14.35,121.0167,86.36,70,75,4.61,broken clouds
351,Praia,CV,14.9215,-23.5087,75.74,64,0,11.5,clear sky
352,Palana,RU,59.1167,159.9667,14.95,69,100,23.55,light snow
353,Suoyarvi,RU,62.0833,32.35,14.02,92,100,11.43,light snow
354,Esil,KZ,51.9556,66.4042,9.72,83,100,8.1,overcast clouds
355,Olafsvik,IS,64.8945,-23.7142,34.14,74,69,14.94,broken clouds
356,Sabang,ID,5.8933,95.3214,76.05,93,100,14.09,overcast clouds
357,Lourdes,FR,43.1,-0.05,56.52,93,75,5.75,broken clouds
358,Soyo,AO,-6.1349,12.3689,77.63,88,100,3.67,overcast clouds
359,Guanay,BO,-15.4975,-67.8797,70.79,98,100,1.21,overcast clouds
360,Pierre,US,44.3683,-100.351,32.92,92,100,12.66,mist
361,Belmonte,BR,-15.8631,-38.8828,77.47,87,43,13.89,scattered clouds
362,Tshikapa,CD,-6.4167,20.8,67.48,98,100,1.74,light rain
363,Trelew,AR,-43.249,-65.3051,72.48,27,4,21.72,clear sky
364,Kismayo,SO,-0.3582,42.5454,79.05,79,13,13.65,few clouds
365,Japura,ID,-0.3167,102.35,78.73,87,100,0.6,overcast clouds
366,Gat,IL,31.61,34.7642,64.4,13,95,6.46,overcast clouds
367,Oranjestad,AW,12.524,-70.027,78.91,77,20,11.5,few clouds
368,Challans,FR,46.8436,-1.8749,30.4,72,100,13.85,overcast clouds
369,Aitape,PG,-3.1374,142.3475,76.73,93,100,3.56,overcast clouds
370,Nantucket,US,41.2835,-70.0995,37.51,60,0,19.57,clear sky
371,Sabha,LY,27.0377,14.4283,63.43,39,1,4.85,clear sky
372,Sao Paulo De Olivenca,BR,-3.3783,-68.8725,74.23,90,77,2.66,light rain
373,Kununurra,AU,-15.7667,128.7333,87.78,62,75,2.3,broken clouds
374,Lakes Entrance,AU,-37.8811,147.981,69.17,40,32,12.3,scattered clouds
375,Kulhudhuffushi,MV,6.6221,73.07,81.0,76,27,13.69,scattered clouds
376,Zholymbet,KZ,51.7433,71.7122,16.03,81,100,12.86,overcast clouds
377,Pisco,PE,-13.7,-76.2167,69.85,83,100,10.36,mist
378,Fairbanks,US,64.8378,-147.7164,12.16,85,100,8.05,light snow
379,Saldanha,ZA,-33.0117,17.9442,63.97,95,1,5.61,clear sky
380,Svetlaya,RU,46.5389,138.3297,27.66,90,100,10.96,snow
381,Boden,SE,65.8252,21.6886,-4.0,94,100,7.05,overcast clouds
382,Claremore,US,36.3126,-95.6161,53.31,90,100,14.97,overcast clouds
383,Coachella,US,33.6803,-116.1739,52.23,60,36,5.5,scattered clouds
384,Ust-Maya,RU,60.4167,134.5333,-32.01,96,100,2.24,overcast clouds
385,Taoudenni,ML,22.6783,-3.9836,76.87,29,7,4.36,clear sky
386,Kavieng,PG,-2.5744,150.7967,84.38,70,100,7.23,overcast clouds
387,Nuuk,GL,64.1835,-51.7216,20.88,62,4,7.7,clear sky
388,Herre,NO,59.1,9.5667,17.82,85,13,4.76,few clouds
389,Micheweni,TZ,-4.9667,39.8333,78.26,83,15,6.4,few clouds
390,Gladstone,AU,-23.85,151.25,89.78,58,40,9.22,light rain
391,Port Huron,US,42.9709,-82.4249,33.98,82,100,8.99,overcast clouds
392,Nelson Bay,AU,-32.7167,152.15,78.12,32,0,5.99,clear sky
393,Key West,US,24.5557,-81.7826,77.0,84,0,5.75,clear sky
394,Rocafuerte,EC,-0.9167,-80.4333,73.27,80,49,4.88,scattered clouds
395,Helong,CN,42.5397,128.9972,13.39,48,6,13.09,clear sky
396,Beringovskiy,RU,63.05,179.3167,-7.76,94,32,5.5,scattered clouds
397,Torremolinos,ES,36.6204,-4.4998,68.2,85,75,1.14,broken clouds
398,Tsurib,RU,42.2368,46.8307,26.46,39,12,8.61,few clouds
399,Hasaki,JP,35.7333,140.8333,46.22,88,100,5.79,light rain
400,Yar-Sale,RU,66.8333,70.8333,-17.73,98,8,8.03,clear sky
401,Codrington,AU,-38.2667,141.9667,58.14,44,76,26.98,broken clouds
402,Nyurba,RU,63.2842,118.3319,-12.8,97,100,6.78,overcast clouds
403,Matagami,CA,49.7502,-77.6328,3.25,99,79,3.74,broken clouds
404,Skjervoy,NO,70.0311,20.9714,8.6,53,86,8.5,overcast clouds
405,Tabou,CI,4.423,-7.3528,78.26,81,25,6.04,scattered clouds
406,Ambanja,MG,-13.6833,48.45,73.74,91,34,2.51,scattered clouds
407,Camacha,PT,33.0833,-16.3333,67.42,88,40,11.5,scattered clouds
408,Yueyang,CN,29.3333,113.0919,48.63,32,0,8.55,clear sky
409,Sungaipenuh,ID,-2.0833,101.3833,65.03,98,100,0.54,light rain
410,Hobyo,SO,5.3505,48.5268,77.58,69,5,19.82,clear sky
411,Srednekolymsk,RU,67.45,153.6833,-36.83,99,99,9.62,overcast clouds
412,Cidreira,BR,-30.1811,-50.2056,69.49,75,100,8.66,overcast clouds
413,Ponta Delgada,PT,37.7333,-25.6667,63.5,82,40,20.71,scattered clouds
414,Kerrobert,CA,51.9168,-109.1348,5.05,99,8,4.12,clear sky
415,Fryanovo,RU,56.1333,38.45,32.61,98,100,9.89,light snow
416,Pudozh,RU,61.8099,36.5345,17.98,94,100,10.49,snow
417,Mahibadhoo,MV,3.7833,72.9667,81.0,79,89,15.66,overcast clouds
418,Svetlogorsk,BY,52.6333,29.7333,22.8,94,95,9.66,overcast clouds
419,Pontes E Lacerda,BR,-15.2261,-59.3353,74.32,78,100,2.71,overcast clouds
420,Innisfail,AU,-17.5333,146.0333,87.44,61,88,9.75,overcast clouds
421,Liling,CN,27.6667,113.5,49.24,55,0,1.83,clear sky
422,Ariquemes,BR,-9.9133,-63.0408,73.74,88,17,1.39,few clouds
423,Balkanabat,TM,39.5108,54.3671,37.63,55,0,4.74,clear sky
424,Xapuri,BR,-10.6517,-68.5044,71.8,97,97,2.21,overcast clouds
425,Batagay,RU,67.6333,134.6333,-25.8,98,100,3.31,overcast clouds
426,Virbalis,LT,54.6267,22.8169,28.53,87,100,14.16,light snow
427,Tchibanga,GA,-2.85,11.0333,70.3,99,100,1.59,overcast clouds
428,Lillooet,CA,50.6856,-121.942,17.51,95,65,1.41,broken clouds
429,Carutapera,BR,-1.195,-46.02,78.1,81,93,7.07,overcast clouds
430,San Carlos De Bariloche,AR,-41.1456,-71.3082,46.31,89,3,7.85,clear sky
431,Sari,IR,36.5633,53.0601,44.73,69,89,3.24,overcast clouds
432,Zemio,CF,5.0314,25.1361,71.2,49,100,2.8,overcast clouds
433,Vaitape,PF,-16.5167,-151.75,77.58,78,100,23.91,overcast clouds
434,Buchanan,LR,5.8808,-10.0467,77.23,85,6,3.15,light rain
435,Liverpool,GB,53.4106,-2.9779,32.65,92,100,5.75,overcast clouds
436,Zheleznodorozhnyy,RU,55.7503,38.0042,34.36,98,100,10.13,light snow
437,Kudahuvadhoo,MV,2.6708,72.8944,81.36,78,90,14.14,overcast clouds
438,Santa Isabel Do Rio Negro,BR,-0.4139,-65.0192,72.81,98,100,0.85,overcast clouds
439,Zhezkazgan,KZ,47.8043,67.7144,-4.02,77,0,8.95,clear sky
440,Acapetahua,MX,15.2833,-92.7,73.92,90,54,3.29,broken clouds
441,Terrace,CA,54.5163,-128.6035,27.95,85,100,0.43,overcast clouds
442,Riyadh,SA,24.6877,46.7219,57.34,51,98,9.75,overcast clouds
443,Chhachhrauli,IN,30.25,77.3667,53.6,37,0,4.27,clear sky
444,Green River,US,41.5286,-109.4662,24.19,93,100,12.15,overcast clouds
445,Gayny,RU,60.3071,54.3241,16.93,96,100,4.54,snow
446,Saint-Francois,FR,46.4154,3.9054,26.67,93,100,11.5,overcast clouds
447,Moose Factory,CA,51.2585,-80.6094,-2.22,84,0,5.75,clear sky
448,Navalmoral De La Mata,ES,39.8916,-5.5406,60.03,98,100,9.01,overcast clouds
449,Granville,AU,-33.8333,151.0167,85.21,28,0,10.36,clear sky
450,Rupert,US,42.6191,-113.6772,29.17,93,75,0.0,broken clouds
451,Sinnamary,GF,5.3833,-52.95,76.68,89,100,8.84,overcast clouds
452,Klyuchi,RU,52.2667,79.1667,20.93,91,100,17.11,light snow
453,Russkaya Polyana,UA,49.417,31.9201,31.41,81,100,0.65,overcast clouds
454,San Cristobal,VE,7.7669,-72.225,69.98,93,71,0.36,broken clouds
455,Mahanoro,MG,-19.9,48.8,72.7,90,98,2.35,light rain
456,Kloulklubed,PW,7.0419,134.2556,79.3,76,100,8.3,overcast clouds
457,Aflao,TG,6.116,1.1914,80.06,81,64,8.28,broken clouds
458,Sasayama,JP,35.0667,135.2167,53.11,71,59,7.2,broken clouds
459,Faya,SA,18.3851,42.4509,48.31,78,0,0.18,clear sky
460,Necochea,AR,-38.5473,-58.7368,54.1,78,14,3.96,few clouds
461,Salina,US,38.8403,-97.6114,50.95,96,100,13.8,mist
462,Carlsbad,US,33.1581,-117.3506,52.63,80,20,3.0,few clouds
463,Dinghai,CN,26.2847,119.7936,54.52,67,79,18.37,broken clouds
464,Bahile,PH,9.9995,118.7878,85.87,61,100,1.9,overcast clouds
465,Kalmunai,LK,7.4167,81.8167,76.8,82,96,3.53,overcast clouds
466,Monrovia,LR,6.3005,-10.7969,74.97,82,0,4.05,clear sky
467,Mabaruma,GY,8.2,-59.7833,73.02,95,95,2.13,overcast clouds
468,Rawson,AR,-43.3002,-65.1023,71.15,31,7,19.64,clear sky
469,Cap Malheureux,MU,-19.9842,57.6142,77.47,68,98,7.0,overcast clouds
470,Chulman,RU,56.8479,124.9104,-36.54,99,89,3.83,overcast clouds
471,Dali,CN,25.7,100.1833,50.52,57,4,2.39,clear sky
472,Murgab,TM,37.4966,61.9714,28.27,93,0,9.22,clear sky
473,Campbell River,CA,50.0163,-125.2446,35.46,100,75,2.3,broken clouds
474,Preeceville,CA,51.95,-102.6677,8.91,99,92,4.38,overcast clouds
475,Charlestown,AU,-32.95,151.6667,82.02,36,0,5.99,clear sky
476,Fethiye,TR,36.6217,29.1164,55.27,83,41,4.97,scattered clouds
477,Batemans Bay,AU,-35.7167,150.1833,69.1,27,0,2.51,clear sky
478,Kijang,KR,35.2442,129.2139,47.93,49,2,14.76,clear sky
479,Zasheyek,RU,67.4066,32.5499,6.58,96,100,4.32,overcast clouds
480,Paramonga,PE,-10.6667,-77.8333,69.08,80,100,4.7,overcast clouds
481,Cizer,RO,47.0667,22.8833,25.95,82,94,10.76,overcast clouds
482,Havelock,US,34.8791,-76.9013,45.93,71,0,14.97,clear sky
483,Grand-Santi,GF,4.25,-54.3833,71.44,99,100,2.26,overcast clouds
484,Avila,ES,40.5833,-5.0,50.9,92,95,9.44,overcast clouds
485,Komsomolskiy,UZ,40.4272,71.7189,27.32,93,100,4.61,fog
486,Saint-Pierre,RE,-21.3393,55.4781,76.91,64,0,5.75,clear sky
487,Avera,US,33.194,-82.5271,53.11,77,100,5.44,overcast clouds
488,Svarstad,NO,59.399,9.9698,16.83,47,10,4.43,clear sky
489,Gilching,DE,48.1021,11.2977,19.63,84,13,3.44,few clouds
490,North Battleford,CA,52.7834,-108.2847,5.09,85,100,8.05,overcast clouds
491,Port Augusta,AU,-32.5,137.7667,71.85,32,1,11.88,clear sky
492,Samarai,PG,-10.6167,150.6667,84.22,73,97,4.34,overcast clouds
493,Buckeye,US,33.3703,-112.5838,55.83,66,100,10.36,light rain
494,Kabanjahe,ID,3.1001,98.4908,65.55,96,99,2.46,overcast clouds
495,Teahupoo,PF,-17.8333,-149.2667,67.96,77,100,13.89,light rain
496,Prestea,GH,5.4327,-2.1428,74.35,94,3,2.75,clear sky
497,Tuy Hoa,VN,13.0833,109.3,72.12,80,95,14.16,overcast clouds
498,Iranshahr,IR,27.2025,60.6848,53.94,37,0,11.5,clear sky
499,Debre Birhan,ET,9.6833,39.5333,47.17,66,30,4.74,scattered clouds
500,Qurayyat,SA,31.3318,37.3428,46.58,71,20,3.44,few clouds
501,Hualmay,PE,-11.0964,-77.6139,69.04,79,100,3.56,overcast clouds
502,San Joaquin,US,37.9333,-121.3011,49.28,75,0,6.91,clear sky
503,Marsa Matruh,EG,31.3525,27.2453,62.53,74,54,9.22,broken clouds
504,Manzanillo,CU,20.3433,-77.1167,73.8,76,65,6.67,broken clouds
505,Manacapuru,BR,-3.2997,-60.6206,76.75,81,62,3.27,broken clouds
506,Nyuksenitsa,RU,60.4128,44.2397,30.18,95,100,8.55,overcast clouds
507,Anzio,IT,41.4853,12.6179,49.46,96,100,12.82,light rain
508,Semey,KZ,50.4111,80.2275,21.42,86,100,13.42,snow
509,Forestville,US,38.8451,-76.875,40.62,69,100,9.22,overcast clouds
510,Zarand,IR,30.8127,56.564,42.37,40,100,5.88,overcast clouds
511,Bhatkal,IN,13.9667,74.5667,76.5,84,90,5.44,overcast clouds
512,Bulembu,SZ,-25.9667,31.1333,61.79,95,99,2.28,overcast clouds
513,Nioro,GM,13.35,-15.75,71.46,17,0,4.29,clear sky
514,Benjamin Constant,BR,-4.3831,-70.0311,77.13,85,88,1.57,light rain
515,Saint-Augustin,CA,51.226,-58.6502,21.97,81,100,11.95,light snow
516,Half Moon Bay,US,37.4636,-122.4286,49.32,83,100,6.91,overcast clouds
517,Mkushi,ZM,-13.6202,29.3939,61.84,95,45,3.89,scattered clouds
518,Vizinga,RU,61.0749,50.1031,17.87,95,100,8.41,light snow
519,Greensburg,US,40.3015,-79.5389,35.15,76,100,1.99,overcast clouds
520,Anchorage,US,61.2181,-149.9003,24.85,68,100,12.66,overcast clouds
521,Bharatpur,IN,27.2167,77.4833,57.83,43,0,6.93,clear sky
522,Juneau,US,58.3019,-134.4197,35.6,94,100,14.97,mist
523,Kieta,PG,-6.2167,155.6333,84.02,74,100,3.83,light rain
524,Belaya Gora,RU,68.5333,146.4167,-16.46,98,100,5.99,overcast clouds
525,Bonwapitse,BW,-23.0766,26.7037,69.89,73,100,9.95,light rain
526,Bonthe,SL,7.5264,-12.505,78.39,84,0,3.8,clear sky
527,Verbita,RO,44.3,23.1667,28.92,62,0,16.98,clear sky
528,Tacuarembo,UY,-31.7333,-55.9833,64.27,34,2,10.74,clear sky
529,Plettenberg Bay,ZA,-34.0527,23.3716,68.07,96,47,1.54,scattered clouds
530,Ketchikan,US,55.3422,-131.6461,37.38,75,100,9.22,light rain
531,Petawawa,CA,45.9001,-77.3328,19.78,67,3,4.68,clear sky
532,Baiyin,CN,36.5583,104.2081,19.8,28,85,2.17,overcast clouds
533,Coxim,BR,-18.5067,-54.76,82.06,55,98,3.27,overcast clouds
534,Virginia Beach,US,36.8529,-75.978,45.01,68,100,11.5,overcast clouds
535,Meadow Lake,US,34.8014,-106.5436,34.48,46,83,18.45,broken clouds
536,Tartus,SY,34.889,35.8866,62.24,63,97,10.33,overcast clouds
537,Urumqi,CN,43.801,87.6005,-4.85,84,2,2.24,mist
538,Alexandria,EG,31.2156,29.9553,66.67,71,99,8.99,overcast clouds
539,Buin,CL,-33.7333,-70.75,79.74,24,0,3.98,clear sky
540,Emmaus,US,40.5395,-75.4968,33.69,77,0,10.36,clear sky
541,Aloleng,PH,16.1307,119.7824,81.95,69,100,4.68,overcast clouds
542,Palasa,IN,18.7667,84.4167,73.72,76,0,3.2,clear sky
543,Puerto Suarez,BO,-18.95,-57.8,80.02,63,98,2.68,overcast clouds
544,Dunedin,NZ,-45.8742,170.5036,61.81,79,69,5.99,broken clouds
545,Oyem,GA,1.5995,11.5793,67.28,97,80,2.04,broken clouds
546,Asfi,MA,32.2994,-9.2372,64.85,91,79,12.75,broken clouds
547,San Nicolas,PH,18.1725,120.5953,85.91,58,40,11.5,scattered clouds
548,Itaituba,BR,-4.2761,-55.9836,73.27,97,99,1.99,overcast clouds
549,Ambilobe,MG,-13.2,49.05,73.49,81,36,3.15,scattered clouds
550,Burnie,AU,-41.0667,145.9167,51.17,85,93,15.19,overcast clouds
551,La Libertad,EC,-2.2333,-80.9,71.49,81,15,7.43,few clouds
552,Severnoye,RU,56.3491,78.3619,2.1,93,100,12.44,overcast clouds
553,Kokopo,PG,-4.352,152.2633,81.14,80,100,4.76,light rain
554,Kerur,IN,16.0167,75.5667,69.01,91,100,12.73,overcast clouds
555,Muncar,ID,-8.4333,114.3333,84.51,71,100,2.73,overcast clouds
556,Warragul,AU,-38.1667,145.9333,61.11,56,88,11.68,overcast clouds
557,Kaptanganj,IN,26.9267,83.7153,58.59,58,0,2.1,clear sky
558,Guane,CU,22.2025,-84.0875,69.8,81,18,3.0,few clouds
559,Tarko-Sale,RU,64.9225,77.785,-17.55,95,100,4.0,overcast clouds
560,Lafia,NG,8.4833,8.5167,73.44,30,7,2.59,clear sky
561,Rocha,UY,-34.4833,-54.3333,55.96,80,9,6.44,clear sky
562,Biak,ID,-0.9131,122.8766,80.04,77,100,1.68,overcast clouds
563,Bandarbeyla,SO,9.4942,50.8122,74.95,77,19,12.91,few clouds
564,Bayanday,RU,53.0661,105.5139,-7.28,96,98,3.31,overcast clouds
565,Mercedes,AR,-34.6515,-59.4307,64.85,47,0,6.33,clear sky
566,Sur,OM,22.5667,59.5289,72.63,68,0,5.46,clear sky
567,Bulgan,MN,48.8125,103.5347,-9.56,77,4,3.91,clear sky
568,Calvia,ES,39.5657,2.5062,68.07,59,100,24.58,overcast clouds
569,Praxedis Guerrero,MX,31.3667,-106.0167,43.65,51,1,23.6,clear sky
570,Bull Savanna,JM,17.8868,-77.5902,72.97,82,48,5.28,light rain
571,Merauke,ID,-8.4667,140.3333,85.77,68,91,3.6,overcast clouds
572,Palauig,PH,15.435,119.9045,83.53,66,85,2.46,overcast clouds
573,Payyannur,IN,12.1,75.2,74.61,90,91,12.64,overcast clouds
574,Los Llanos De Aridane,ES,28.6585,-17.9182,70.12,70,20,7.0,few clouds
575,Goundam,ML,16.4145,-3.6708,69.35,12,15,7.54,few clouds
576,Thabazimbi,ZA,-24.5917,27.4116,69.28,80,100,3.0,light rain
577,Port Keats,AU,-14.25,129.55,90.12,56,100,9.57,overcast clouds
578,Manggar,ID,-2.8833,108.2667,83.93,69,100,10.18,overcast clouds
579,Roebourne,AU,-20.7833,117.1333,99.91,18,34,8.1,scattered clouds
580,Fez,MA,34.0372,-4.9998,59.25,88,40,2.3,scattered clouds
581,Batticaloa,LK,7.7102,81.6924,77.36,81,84,2.48,broken clouds
582,Leiyang,CN,26.4024,112.8591,48.0,44,0,4.43,clear sky
583,Jiangyou,CN,31.7667,104.7167,48.2,58,94,3.24,overcast clouds
584,Merritt,CA,50.1123,-120.7942,5.67,100,87,0.2,overcast clouds
585,Darhan,MN,49.4867,105.9228,-6.97,85,67,6.26,broken clouds
586,Igra,RU,57.5558,53.0547,15.31,84,53,8.99,broken clouds
587,Portel,BR,-1.9356,-50.8211,75.85,85,29,4.63,scattered clouds
588,Puerto Carreno,CO,6.189,-67.4859,76.95,78,88,4.54,overcast clouds
589,Havre-Saint-Pierre,CA,50.2334,-63.5986,12.2,72,100,13.8,light snow
590,Kalach-Na-Donu,RU,48.691,43.5264,24.82,71,0,15.73,clear sky
591,Hoa Binh,VN,20.8133,105.3383,64.47,51,0,2.26,clear sky
592,Asilah,MA,35.465,-6.0348,67.96,93,73,20.54,broken clouds
593,Doka,SD,13.5167,35.7667,72.75,40,0,7.4,clear sky
594,Baruun-Urt,MN,46.6806,113.2792,-10.55,63,0,16.04,clear sky
595,Gueret,FR,46.1667,1.8667,30.34,91,100,3.02,overcast clouds
596,Urusha,RU,54.05,122.9,-10.59,73,100,6.51,overcast clouds
597,Korla,CN,41.7597,86.1469,18.88,48,0,3.18,clear sky
598,Erenhot,CN,43.6475,111.9767,0.41,48,2,22.79,clear sky
599,Moron,AR,-34.6534,-58.6198,67.98,63,0,5.35,clear sky
600,Lockhart,US,28.6194,-81.4426,64.92,90,0,9.22,clear sky
601,Sorong,ID,-0.8833,131.25,82.15,71,100,1.7,overcast clouds
602,Tete,MZ,-16.1564,33.5867,75.29,94,75,4.61,broken clouds
603,Tarakan,ID,3.3,117.6333,81.9,78,40,4.61,scattered clouds
604,Gamba,GA,-2.65,10.0,75.16,90,100,3.67,overcast clouds
605,Pochutla,MX,15.7432,-96.4661,76.82,80,18,3.6,few clouds
606,Cienfuegos,CU,22.1461,-80.4356,69.94,83,0,6.91,clear sky
607,Mocuba,MZ,-16.8392,36.9856,73.04,95,87,2.53,overcast clouds
608,San Matias,BO,-16.3667,-58.4,78.55,65,100,5.46,overcast clouds
609,Goya,AR,-29.14,-59.2626,79.12,31,0,10.25,clear sky
610,Maragogi,BR,-9.0122,-35.2225,76.1,82,100,7.99,overcast clouds
611,Progreso,MX,21.2833,-89.6667,77.11,76,0,13.56,clear sky
612,Bairiki,KI,1.3292,172.9752,86.0,70,20,10.36,light rain
613,Mackay,AU,-21.15,149.2,93.69,68,80,12.26,broken clouds
614,Marsh Harbour,BS,26.5412,-77.0636,73.38,74,19,11.63,few clouds
615,Lipetsk,RU,52.6031,39.5708,33.17,93,100,15.95,light snow
616,Zaqatala,AZ,41.6336,46.6433,32.47,100,75,4.61,broken clouds
617,Kassala,SD,15.451,36.4,71.87,66,0,6.98,clear sky
618,San Lawrenz,MT,36.0553,14.204,59.86,84,94,1.01,overcast clouds
619,Dhidhdhoo,MV,6.8833,73.1,81.54,75,23,13.82,few clouds
620,Noumea,NC,-22.2763,166.4572,87.78,68,9,10.31,clear sky
621,Alta Floresta,BR,-9.8756,-56.0861,71.35,97,84,2.35,broken clouds
622,Sharjah,AE,25.3573,55.4033,67.98,67,0,3.44,clear sky
623,Hailar,CN,49.2,119.7,-4.16,89,100,17.07,overcast clouds
624,Tecoanapa,MX,16.5167,-98.75,77.27,78,90,5.3,overcast clouds
625,College,US,64.8569,-147.8028,12.15,87,100,8.05,light snow
626,Weligama,LK,5.9667,80.4167,76.17,80,38,2.53,scattered clouds
627,Gonbad-E Qabus,IR,37.25,55.1672,41.95,87,75,4.61,broken clouds
628,Zharkent,KZ,44.1628,80.0,10.22,74,2,4.16,clear sky
629,Deep River,CA,46.1001,-77.4995,19.94,58,5,4.81,clear sky
630,Mountain Home,US,43.133,-115.6912,30.15,99,100,3.44,mist
631,Batagay-Alyta,RU,67.8006,130.4114,-28.98,86,97,3.09,overcast clouds
632,Biloela,AU,-24.4167,150.5,90.9,47,24,9.42,few clouds
633,Minab,IR,27.1467,57.0801,52.12,50,0,0.0,clear sky
634,Khandyga,RU,62.6667,135.6,-48.37,100,91,3.0,overcast clouds
635,Richards Bay,ZA,-28.783,32.0377,70.77,93,100,3.78,light rain
636,Aguadilla,PR,18.4275,-67.1541,72.61,87,0,3.0,clear sky
637,Port Macquarie,AU,-31.4333,152.9167,74.89,33,0,12.17,clear sky
638,Svetlyy,RU,54.675,20.1347,33.85,84,100,22.77,light snow
639,Ahuimanu,US,21.4447,-157.8378,80.31,67,75,17.27,broken clouds
640,Yatou,CN,37.15,122.3833,38.03,43,0,17.16,clear sky
641,Igarka,RU,67.4667,86.5833,-16.87,97,100,9.22,overcast clouds
642,Antalaha,MG,-14.9003,50.2788,72.25,91,12,6.31,light rain
643,Ostroleka,PL,53.0862,21.5757,30.92,82,100,17.83,overcast clouds
644,Sorland,NO,67.667,12.6934,28.26,59,29,6.91,scattered clouds
645,Ixtapa,MX,20.7,-105.2,76.23,83,0,8.05,clear sky
646,Gursarai,IN,25.6148,79.1788,61.63,42,28,4.29,scattered clouds
647,Viedma,AR,-40.8135,-62.9967,60.89,29,3,5.32,clear sky
648,Lompoc,US,34.6391,-120.4579,49.01,83,0,5.75,clear sky
649,Agboville,CI,5.928,-4.2132,74.03,92,0,2.3,clear sky
650,Botou,CN,38.0667,116.5667,30.27,15,0,20.85,clear sky
651,Cabedelo,BR,-6.9811,-34.8339,79.47,78,43,10.02,scattered clouds
652,Coahuayana,MX,18.7333,-103.6833,72.03,91,12,1.83,few clouds
653,Port Moresby,PG,-9.4431,147.1797,87.22,66,40,5.7,scattered clouds
654,Trairi,BR,-3.2778,-39.2689,77.79,81,52,8.99,broken clouds
655,Rockhampton,AU,-23.3833,150.5,89.49,55,35,9.22,scattered clouds
656,Amahai,ID,-3.3333,128.9167,83.01,76,88,2.26,overcast clouds
657,Sao Filipe,CV,14.8961,-24.4956,78.06,71,0,6.58,clear sky
658,Dongying,CN,37.4564,118.4856,33.75,27,1,16.28,clear sky
659,Pandan,PH,14.0453,124.1694,82.98,73,96,6.64,overcast clouds
660,Langham,CA,52.3668,-106.9679,10.24,98,85,5.82,overcast clouds
661,Beyneu,KZ,45.3167,55.2,25.36,81,6,12.57,clear sky
662,Chabahar,IR,25.2919,60.643,70.45,41,0,8.34,clear sky
663,Oranjemund,NA,-28.55,16.4333,65.26,84,0,4.97,clear sky
664,Jiexiu,CN,37.0244,111.9125,25.3,24,21,11.36,few clouds
665,Boromo,BF,11.75,-2.9333,70.7,18,82,6.4,broken clouds
666,Nebolchi,RU,59.1239,33.3454,26.2,86,100,9.42,overcast clouds
667,Gwadar,PK,25.1216,62.3254,68.92,42,0,17.63,clear sky
668,Silikatnyy,RU,53.9896,48.3275,20.55,69,1,15.43,clear sky
669,Ternate,ID,0.8,127.4,83.86,72,77,6.11,broken clouds
670,Cabra,ES,37.4725,-4.4421,60.85,88,99,17.56,overcast clouds
671,Ewo,CG,-0.8725,14.8206,71.55,90,100,2.06,overcast clouds
672,Graham,US,47.0529,-122.2943,41.18,92,100,1.01,overcast clouds
673,Gasa,PS,31.5,34.4667,62.89,43,96,8.77,overcast clouds
674,Ust-Kuyga,RU,70.0167,135.6,-18.56,97,100,7.31,overcast clouds
675,Lloydminster,CA,53.2835,-110.0016,3.42,78,100,3.44,overcast clouds
676,Labuan,MY,5.2767,115.2417,82.76,78,20,4.61,few clouds
677,Karaton,ID,-6.3424,106.1045,83.19,66,100,7.47,overcast clouds
678,Athens,GR,37.9795,23.7162,61.18,87,40,3.0,scattered clouds
679,The Valley,AI,18.217,-63.0578,77.09,58,0,7.09,clear sky
680,Teya,RU,60.3778,92.6267,-25.51,99,100,1.74,overcast clouds
681,Aksu,CN,41.1231,80.2644,19.29,66,0,3.44,clear sky
682,Aojiang,CN,22.9421,116.0359,59.38,60,74,8.34,broken clouds
683,Channel-Port Aux Basques,CA,47.5702,-59.1367,26.44,73,100,15.5,overcast clouds
684,Hami,CN,42.8,93.45,18.72,40,3,2.8,clear sky
685,Gonaives,HT,19.45,-72.6833,72.66,78,8,6.24,clear sky
686,Port Hardy,CA,50.6996,-127.4199,35.78,93,100,6.91,overcast clouds
687,Gorin,RU,51.1983,136.6669,4.84,89,100,9.33,overcast clouds
688,Kumphawapi,TH,17.1087,103.0149,67.89,60,10,7.7,clear sky
